Generation,Fitness
0,141198.34436827528
1,141198.34436827528
2,141198.34436827528
3,141198.34436827528
4,141198.34436827528
